{
  "project_info": {
    "project_number": "21392398666",
    "project_id": "logindemo-95163",
    "storage_bucket": "logindemo-95163.appspot.com"
  },
  "client": [
    {
      "client_info": {
        "mobilesdk_app_id": "1:21392398666:android:e908c567f65c0a2e0f49b3",
        "android_client_info": {
          "package_name": "com.ahmetozaydin.logindemo"
        }
      },
      "oauth_client": [
        {
          "client_id": "21392398666-si56p2ui3ci4j6pj2e90vtp3oajufr9c.apps.googleusercontent.com",
          "client_type": 3
        }
      ],
      "api_key": [
        {
          "current_key": "AIzaSyBk0hTNMSlCLGQ2fIFe4KKeYCEErJbvRpk"
        }
      ],
      "services": {
        "appinvite_service": {
          "other_platform_oauth_client": [
            {
              "client_id": "21392398666-si56p2ui3ci4j6pj2e90vtp3oajufr9c.apps.googleusercontent.com",
              "client_type": 3
            }
          ]
        }
      }
    }
  ],
  "configuration_version": "1"
}